"reviewid","rating","customerid","orderedproductid","comment"
1,5,1,1,"Excellent product!"
2,4,2,2,"Very satisfied with the quality."
3,3,3,3,"Average, could be better."
4,5,4,4,"Perfect, met all expectations."
5,2,5,5,"Not up to the mark."
6,4,6,6,"Good value for money."
7,5,7,7,"Highly recommend this item."
8,3,8,8,"It’s okay for the price."
9,4,9,9,"Pretty good overall."
10,5,10,10,"Outstanding service and product."
11,4,11,11,"Works as expected."
12,2,12,12,"Could be improved."
13,5,13,13,"Loved it!"
14,3,14,14,"It’s fine."
15,5,15,15,"Absolutely great."
16,4,16,16,"Very useful."
17,1,17,17,"Disappointed with the purchase."
18,5,18,18,"Would buy again."
19,4,19,19,"Met expectations."
20,5,20,20,"Superb quality!"
